Keyword,Volume,Previous organic traffic,Current organic traffic,Organic traffic change,Current paid traffic,Previous average position,Current average position,Position change,Current locations,Locations change,Top location code,Top location,Top location's volume,Top location's traffic,Top location's traffic change
open source,73420,940,843,-97,,9.89,9.62,-0.27,100,7,US,United States,73420,843,-97
opensource,12670,178,236,58,,9.75,9.83,0.08,54,6,US,United States,12670,236,58
how to contribute to open source,460,117,118,1,,1.80,2.00,0.20,5,,IN,India,460,118,1
open source software,20930,10,88,78,,12.50,17.71,5.21,24,16,KE,Kenya,20930,88,78
open source contribution,400,54,53,-1,,2.50,1.50,-1.00,2,,IN,India,400,53,-1
open source software is free from terms and conditions,1390,53,53,0,,9.00,9.00,0.00,2,,IN,India,1390,53,0
open s********,860,39,49,10,,9.33,9.00,-0.33,3,,IN,India,860,49,10
what is open source contribution,150,46,46,0,,2.00,1.00,-1.00,1,,IN,India,150,46,0
オープンソースプロジェクト,100,14,44,30,,3.00,1.00,-2.00,1,,JP,Japan,100,44,30
open-source,2380,37,38,1,,8.36,8.81,0.46,16,2,US,United States,2380,38,1
open source law,90,32,32,0,,1.00,1.00,0.00,1,,US,United States,90,32,0
how to contribute to open source projects,150,25,24,-1,,2.50,3.00,0.50,2,,US,United States,150,24,-1
dibayar,2400,,21,,,,11.00,,1,1,ID,Indonesia,2400,21,
open source development,440,15,20,5,,6.57,6.00,-0.57,7,,US,United States,440,20,5
open source project,380,16,18,2,,6.08,4.42,-1.67,12,,IN,India,380,18,2
open source metrics,40,16,16,0,,1.00,1.00,0.00,1,,US,United States,40,16,0
open source projects,1650,16,13,-3,,8.25,8.22,-0.03,9,-3,IN,India,1650,13,-3
open source contributions,90,12,12,0,,2.00,2.00,0.00,2,,US,United States,90,12,0
projet open source,70,12,12,0,,2.00,2.00,0.00,1,,FR,France,70,12,0
project open source,150,9,12,3,,6.67,6.00,-0.67,5,-1,US,United States,150,12,3
how to start contributing to open source,60,9,11,2,,2.00,2.00,0.00,2,,US,United States,60,11,2
open source projects to contribute,290,11,10,-1,,7.43,7.14,-0.29,7,,IN,India,290,10,-1
how to start an open source project,20,10,9,-1,,1.00,1.00,0.00,1,,US,United States,20,9,-1
open source projekte,100,8,8,0,,1.00,1.00,0.00,1,,DE,Germany,100,8,0
open source best practices,20,8,8,0,,1.00,1.00,0.00,1,,US,United States,20,8,0
contributing to open source,50,8,8,0,,2.50,2.50,0.00,2,,US,United States,50,8,0
open source roles,20,8,8,0,,1.00,1.00,0.00,1,,US,United States,20,8,0
open source governance,110,11,8,-4,,4.50,5.50,1.00,2,,US,United States,110,8,-4
contribute to open source,40,7,7,0,,2.00,2.00,0.00,1,,US,United States,40,7,0
how to open source code,150,10,7,-3,,4.00,1.00,-3.00,1,,US,United States,150,7,-3
опенсорс,350,20,7,-13,,7.00,12.00,5.00,1,,RU,Russian Federation,350,7,-13
opensourse,150,4,6,3,,10.00,8.00,-2.00,2,1,US,United States,150,6,3
open source code,1050,0,6,6,,26.00,14.00,-12.00,3,2,US,United States,1050,6,6
open source governance models,100,9,6,-3,,4.00,6.00,2.00,1,,US,United States,100,6,-3
open source legal,40,6,6,0,,2.00,2.00,0.00,1,,US,United States,40,6,0
open source software governance,80,6,6,0,,5.00,5.00,0.00,1,,US,United States,80,6,0
open source guide,10,5,6,0,,1.00,1.00,0.00,1,,US,United States,10,6,0
開源意思,200,4,5,1,,12.00,1.00,-11.00,1,,TW,Taiwan,200,5,1
политика открытого кода,100,5,5,0,,8.00,7.00,-1.00,1,,RU,Russian Federation,100,5,0
open source legal software,50,4,4,0,,4.00,4.00,0.00,1,,US,United States,50,4,0
what is open source project,110,5,4,-1,,7.00,5.00,-2.00,2,,IN,India,110,4,-1
open source funding,30,4,4,0,,1.00,1.00,0.00,1,,US,United States,30,4,0
open source intellectual property,80,,4,,,,8.00,,1,1,US,United States,80,4,
github open source,450,0,4,4,,26.00,13.00,-13.00,3,2,US,United States,450,4,4
how open source software make money,60,3,4,1,,4.50,3.50,-1.00,2,,IN,India,60,4,1
how to do open source contribution,20,4,4,0,,2.00,2.00,0.00,1,,IN,India,20,4,0
open-source software,1750,1,3,2,,18.00,31.25,13.25,4,3,IN,India,1750,3,2
açık kaynak,100,1,3,2,,11.00,5.00,-6.00,1,,TR,Turkey,100,3,2
projetos open source,40,3,3,0,,5.00,5.00,0.00,1,,BR,Brazil,40,3,0
open source projects to contribute to,90,4,3,-1,,8.33,8.67,0.33,3,,US,United States,90,3,-1
how to contribute,10,3,3,0,,2.00,1.00,-1.00,1,,US,United States,10,3,0
open source copyright,10,3,3,0,,1.00,2.00,1.00,1,,US,United States,10,3,0
how to contribute in open source,10,3,3,0,,1.00,2.00,1.00,1,,IN,India,10,3,0
how to start open source contribution,30,4,3,-1,,3.00,5.00,2.00,1,,IN,India,30,3,-1
open source management,150,,3,,,,11.00,,1,1,US,United States,150,3,
open source project meaning,30,3,3,0,,3.00,3.50,0.50,2,,IN,India,30,3,0
communauté open source,40,3,3,0,,5.00,5.00,0.00,1,,FR,France,40,3,0
projets open source,30,3,3,0,,4.00,4.00,0.00,1,,FR,France,30,3,0
open source español,60,2,3,1,,7.00,6.00,-1.00,1,,ES,Spain,60,3,1
open source implementation,20,3,3,0,,3.00,4.00,1.00,1,,US,United States,20,3,0
open sources,230,2,3,1,,8.50,9.00,0.50,3,1,IN,India,230,3,1
codes of conduct meaning,100,3,3,-1,,10.00,11.00,1.00,1,,US,United States,100,3,-1
what is open source projects,40,3,3,0,,1.00,1.00,0.00,1,,IN,India,40,3,0
code of conduct jelentése,40,2,3,1,,8.00,7.00,-1.00,1,,HU,Hungary,40,3,1
опен сорс,80,2,3,1,,12.00,10.00,-2.00,1,,RU,Russian Federation,80,3,1
open source projects meaning,40,3,3,0,,1.00,1.00,0.00,2,,IN,India,40,3,0
open source contributor,10,3,3,0,,2.00,2.00,0.00,1,,IN,India,10,3,0
open souce,50,2,2,0,,9.00,7.00,-2.00,1,,US,United States,50,2,0
what are open source projects,130,2,2,0,,6.67,3.67,-3.00,3,,IN,India,130,2,0
open source methodology,60,2,,,,8.00,,,0,-1,US,United States,60,2,
open sourse,130,2,2,0,,10.00,9.00,-1.00,2,,RU,Russian Federation,130,2,0
code of conduct,46720,7,2,-4,,41.67,52.03,10.36,33,9,VN,Vietnam,46720,2,-4
open source projekt,40,2,2,0,,1.00,1.00,0.00,1,,DE,Germany,40,2,0
community code of conduct,20,2,2,0,,5.00,4.00,-1.00,1,,US,United States,20,2,0
open source website,100,,2,,,,11.00,,1,1,IN,India,100,2,
what is a code of conduct,900,,2,,,,18.00,,1,1,US,United States,900,2,
open source license obligations,80,8,2,-6,,4.00,10.00,6.00,1,,US,United States,80,2,-6
open source contribution for beginners,30,3,2,-1,,4.50,6.00,1.50,2,,IN,India,30,2,-1
contribute software,20,2,2,0,,4.00,4.00,0.00,1,,US,United States,20,2,0
open sorce,40,2,2,0,,7.00,7.00,0.00,1,,US,United States,40,2,0
open soruce,30,2,2,0,,7.00,7.00,0.00,1,,US,United States,30,2,0
how to work on open source projects,10,2,2,0,,2.00,2.00,0.00,1,,US,United States,10,2,0
how do open source projects make money,20,1,2,1,,7.00,5.00,-2.00,1,,US,United States,20,2,1
açık kaynak ne demek,60,2,,,,9.00,,,0,-1,TR,Turkey,60,2,
how does open source software make money,60,,2,,,,10.00,,1,1,US,United States,60,2,
what is an open source project,150,3,2,-1,,8.00,1.00,-7.00,1,,US,United States,150,2,-1
opensource projects,60,1,2,1,,8.50,7.50,-1.00,2,,IN,India,60,2,1
open source code compliance,60,2,2,0,,9.00,9.00,0.00,1,,US,United States,60,2,0
open sour,40,2,2,0,,8.00,8.00,0.00,1,,US,United States,40,2,0
how does open source make money,40,1,2,0,,9.00,8.00,-1.00,2,,US,United States,40,2,0
you learn about an open source software,50,2,2,0,,9.00,10.00,1.00,1,,IN,India,50,2,0
open source betekenis,90,2,,,,8.00,,,0,-1,NL,Netherlands,90,2,
open.source,30,1,2,1,,11.00,8.00,-3.00,1,,US,United States,30,2,1
can you use open source code for profit,40,1,1,0,,1.00,1.00,0.00,1,,US,United States,40,1,0
how to contribute to open source projects as a beginner,10,2,1,0,,4.00,2.00,-2.00,1,-1,US,United States,10,1,0
opensource là gì,20,1,1,1,,8.00,6.00,-2.00,1,,VN,Vietnam,20,1,1
licencje open source,50,,1,,,,10.00,,1,1,PL,Poland,50,1,
progetti open source,40,1,1,0,,8.00,8.00,0.00,1,,IT,Italy,40,1,0
projekt open source,10,1,1,0,,6.00,4.00,-2.00,1,,PL,Poland,10,1,0
открытый исходный код,40,2,1,0,,9.00,10.00,1.00,1,,RU,Russian Federation,40,1,0
кодекс поведения,60,1,1,0,,11.00,10.00,-1.00,1,,RU,Russian Federation,60,1,0
licenze open source,80,,1,,,,12.00,,1,1,IT,Italy,80,1,
source code copyright,40,1,1,0,,10.00,9.00,-1.00,1,,US,United States,40,1,0
open spurce,20,0,1,1,,12.00,7.00,-5.00,1,,US,United States,20,1,1
oss コミッター,40,,1,,,,11.00,,1,1,JP,Japan,40,1,
support for open source software,30,1,,,,9.00,,,0,-1,US,United States,30,1,
proyectos open source,10,1,1,0,,5.00,5.00,0.00,1,,ES,Spain,10,1,0
oss contribution,10,1,1,0,,2.00,4.00,2.00,1,,US,United States,10,1,0
oss contributions,10,1,1,0,,2.00,1.00,-1.00,1,,US,United States,10,1,0
open source software training,20,1,1,0,,7.00,6.00,-1.00,1,,US,United States,20,1,0
how to use open source code,20,1,1,0,,6.00,6.00,0.00,1,,US,United States,20,1,0
опенсорс проекты,30,1,1,0,,8.00,8.00,0.00,1,,RU,Russian Federation,30,1,0
oss project,60,1,1,0,,8.00,5.67,-2.33,3,1,IN,India,60,1,0
contribution in project,10,1,1,0,,3.00,3.00,0.00,1,,IN,India,10,1,0
open-source projects,22000,8,1,-7,,15.00,25.00,10.00,2,1,US,United States,22000,1,-7
opensource software,250,3,1,-2,,12.00,15.00,3.00,1,-1,US,United States,250,1,-2
project security,30,2,1,-1,,5.00,8.00,3.00,1,,IN,India,30,1,-1
arti open source,150,1,,,,16.00,,,0,-1,ID,Indonesia,150,1,
how to make money from open source,10,1,1,0,,3.00,3.00,0.00,1,,US,United States,10,1,0
contribute,8640,2,1,-2,,25.86,31.38,5.53,13,6,TR,Turkey,8640,1,-2
сорс код,30,,1,,,,10.00,,1,1,BG,Bulgaria,30,1,
contribute to open source projects,10,3,1,-2,,1.00,4.00,3.00,1,,IN,India,10,1,-2
project contributor,10,1,1,0,,4.00,4.00,0.00,1,,US,United States,10,1,0
オープンソース プロジェクト,10,1,1,0,,2.00,2.00,0.00,1,,JP,Japan,10,1,0
open source learning,30,1,,,,10.00,,,0,-1,IN,India,30,1,
open source meaning,1200,1,,,,22.00,,,0,-1,IN,India,1200,1,
open sourced,90,1,1,0,,8.00,8.00,0.00,1,,US,United States,90,1,0
can i use open source software for commercial purposes,30,1,1,0,,10.00,12.00,2.00,1,,US,United States,30,1,0
open source contributions for beginners,10,1,1,0,,5.00,5.00,0.00,1,,US,United States,10,1,0
open source support,20,0,1,0,,11.00,10.00,-1.00,1,,CA,Canada,20,1,0
open source grants,10,1,1,0,,3.00,3.00,0.00,1,,US,United States,10,1,0
github repo metrics,20,1,1,0,,9.00,9.00,0.00,1,,US,United States,20,1,0
open source license,1000,1,1,0,,20.00,25.50,5.50,2,1,IN,India,1000,1,0
legal disclaimer,60,,1,,,,12.00,,1,1,IN,India,60,1,
open source work,10,0,0,0,,7.00,7.00,0.00,1,,US,United States,10,0,0
maintainer,50,0,0,0,,55.50,11.00,-44.50,1,-1,DE,Germany,50,0,0
open source script,10,,0,,,,8.00,,1,1,US,United States,10,0,
contributing,3900,0,0,0,,35.00,25.67,-9.33,3,1,IN,India,3900,0,0
code of conduct opstellen,10,,0,,,,9.00,,1,1,NL,Netherlands,10,0,
what does the code of conduct mean,20,,0,,,,12.00,,1,1,US,United States,20,0,
managing open source projects,10,1,0,0,,5.00,6.00,1.00,2,,US,United States,10,0,0
open sourcing definition,20,0,,,,11.00,,,0,-1,US,United States,20,0,
open source license agreement,10,0,0,0,,11.00,9.00,-2.00,1,,US,United States,10,0,0
licencia de codigo abierto,20,0,,,,11.00,,,0,-1,ES,Spain,20,0,
berkontribusi,1600,0,0,0,,100.00,29.00,-71.00,1,,ID,Indonesia,1600,0,0
how to find open source projects to contribute to,10,0,0,0,,8.00,8.00,0.00,1,,CA,Canada,10,0,0
contribute to open source github,20,,0,,,,11.00,,1,1,US,United States,20,0,
can open source software be used for commercial purposes,10,0,0,0,,11.00,11.00,0.00,1,,US,United States,10,0,0
project guide,250,0,0,0,,26.00,18.00,-8.00,1,,IN,India,250,0,0
what does open source mean,3600,0,0,0,,26.00,41.00,15.00,5,1,IN,India,3600,0,0
open source software development,20,,0,,,,11.00,,1,1,RU,Russian Federation,20,0,
the open source,10,0,0,0,,11.00,9.00,-2.00,1,,US,United States,10,0,0
open source programme,10,,0,,,,11.00,,1,1,US,United States,10,0,
source project,10,,0,,,,11.00,,1,1,US,United States,10,0,
open source licensing,300,,0,,,,24.00,,1,1,US,United States,300,0,
menyumbang,40,,0,,,,10.00,,1,1,MY,Malaysia,40,0,
can you see who views your github,10,0,0,0,,8.00,8.00,0.00,1,,US,United States,10,0,0
lisensi open source,150,,0,,,,23.00,,1,1,ID,Indonesia,150,0,
open source software support,10,,0,,,,11.00,,1,1,NL,Netherlands,10,0,
why contribute to open source,0,0,,,,3.00,,,0,-1,US,United States,0,0,
開源社群,10,0,0,0,,8.00,7.00,-1.00,1,,TW,Taiwan,10,0,0
open source software can be modified and then,10,0,0,0,,11.00,9.00,-2.00,1,,US,United States,10,0,0
paid open source software,10,0,0,0,,7.00,10.00,3.00,1,,US,United States,10,0,0
open-source-projekte,0,0,0,0,,9.00,8.00,-1.00,1,,US,United States,0,0,0
berkontribusi artinya,1200,0,0,0,,40.00,35.00,-5.00,1,,ID,Indonesia,1200,0,0
开源,150,0,0,0,,24.00,24.00,0.00,1,,US,United States,150,0,0
what is code of conduct,4100,,0,,,,40.50,,4,4,US,United States,4100,0,
open software development,0,,0,,,,9.00,,1,1,RU,Russian Federation,0,0,
best open source software,80,0,,,,23.00,,,0,-1,IN,India,80,0,
ओपन कीजिए,0,,0,,,,3.00,,1,1,IN,India,0,0,
how to contribute to open source as a beginner,0,0,0,0,,3.00,5.00,2.00,1,,IN,India,0,0,0
open source solutions,100,,0,,,,26.00,,1,1,US,United States,100,0,
open source projects for beginners,150,0,0,0,,26.00,22.00,-4.00,1,,US,United States,150,0,0
what is the code of conduct,350,0,0,0,,33.00,33.00,0.00,1,,US,United States,350,0,0
first timers only,0,0,,,,9.00,,,0,-1,IN,India,0,0,
開源軟體,100,0,0,0,,11.00,11.00,0.00,1,,TW,Taiwan,100,0,0
codigo abierto,400,0,0,0,,40.00,32.00,-8.00,1,,MX,Mexico,400,0,0
open source это,400,,0,,,,36.00,,1,1,RU,Russian Federation,400,0,
contribution,1200,0,0,0,,38.00,39.00,1.00,2,-1,IQ,Iraq,1200,0,0
github projects,13650,0,0,0,,40.29,39.29,-1.00,7,,CA,Canada,13650,0,0
is github open source,250,,0,,,,35.00,,1,1,US,United States,250,0,
open source examples,90,0,,,,27.00,,,0,-1,IN,India,90,0,
maadili ni nini,450,,0,,,,39.00,,1,1,TZ,Tanzania,450,0,
berkontribusi adalah,2000,0,0,0,,45.00,44.00,-1.00,1,,ID,Indonesia,2000,0,0
lisensi open source adalah,150,,0,,,,37.00,,1,1,ID,Indonesia,150,0,
code of conduct 意味,200,0,0,0,,38.00,38.00,0.00,1,,JP,Japan,200,0,0
example of open source software,450,0,0,0,,42.00,41.00,-1.00,1,,IN,India,450,0,0
open source software compliance,150,0,0,0,,38.00,38.00,0.00,1,,US,United States,150,0,0
gouvernance projet,200,0,0,0,,39.00,36.00,-3.00,1,-1,FR,France,200,0,0
오픈소스,1400,0,0,0,,68.00,48.00,-20.00,1,,KR,South Korea,1400,0,0
コントリビュート 意味,450,0,0,0,,43.00,43.00,0.00,1,,JP,Japan,450,0,0
open source co to,400,,0,,,,41.00,,1,1,PL,Poland,400,0,
오픈소스란,80,0,,,,34.00,,,0,-1,KR,South Korea,80,0,
codes of conduct,100,0,0,0,,24.00,35.00,11.00,1,,US,United States,100,0,0
what does code of conduct mean,300,0,0,0,,45.00,45.00,0.00,1,,US,United States,300,0,0
open source license types,250,0,0,0,,44.00,44.00,0.00,1,,US,United States,250,0,0
when instinct works book back answers,90,0,,,,39.00,,,0,-1,IN,India,90,0,
open source license meaning,100,0,,,,41.00,,,0,-1,US,United States,100,0,
apa itu berkontribusi,800,0,0,0,,62.00,54.00,-8.00,1,,ID,Indonesia,800,0,0
apa arti berkontribusi,350,0,,,,54.00,,,0,-1,ID,Indonesia,350,0,
open request artinya,100,,0,,,,49.00,,1,1,ID,Indonesia,100,0,
コミッター,60,,0,,,,5.00,,1,1,JP,Japan,60,0,
貢獻,500,0,0,0,,41.00,55.00,14.00,1,,TW,Taiwan,500,0,0
contributors,250,,0,,,,55.00,,1,1,PL,Poland,250,0,
open source softwares,300,0,0,0,,18.00,13.00,-5.00,1,,IN,India,300,0,0
was ist open source,300,,0,,,,65.00,,1,1,DE,Germany,300,0,
commit in swahili,150,0,,,,63.00,,,0,-1,TZ,Tanzania,150,0,
오픈 소스,350,0,0,0,,72.00,72.00,0.00,1,,KR,South Korea,350,0,0
開源,800,0,,,,30.00,,,0,-1,TW,Taiwan,800,0,
about github,250,,0,,,,72.00,,1,1,IN,India,250,0,
squirrel illustration,200,,0,,,,66.00,,1,1,US,United States,200,0,
cod proyecto,10,0,,,,58.00,,,0,-1,ES,Spain,10,0,
content moderation interview questions and answers,70,0,0,0,,71.00,71.00,0.00,1,,IN,India,70,0,0
licencja open source,150,,0,,,,10.00,,1,1,PL,Poland,150,0,
sustain in swahili,200,0,0,0,,75.00,75.00,0.00,1,,TZ,Tanzania,200,0,0
github code scanning,50,0,,,,70.00,,,0,-1,GB,United Kingdom,50,0,
contribute to,500,0,0,0,,30.00,30.00,0.00,1,,TW,Taiwan,500,0,0
what is open source,2400,,0,,,,23.00,,1,1,IN,India,2400,0,
git pull request,30,0,,,,72.00,,,0,-1,MX,Mexico,30,0,
this guide,450,,0,,,,85.00,,1,1,US,United States,450,0,
was bedeutet open source,250,,0,,,,80.00,,1,1,DE,Germany,250,0,
open source license compliance,150,0,0,0,,84.00,84.00,0.00,1,,US,United States,150,0,0
オープンソース とは,200,0,,,,86.00,,,0,-1,JP,Japan,200,0,
开源软件,100,0,0,0,,11.00,8.00,-3.00,1,,US,United States,100,0,0
coding projects for beginners,10,0,,,,76.00,,,0,-1,DE,Germany,10,0,
define evangelize,150,0,0,0,,81.00,81.00,0.00,1,,US,United States,150,0,0
pull request en github,10,0,0,0,,77.00,77.00,0.00,1,,MX,Mexico,10,0,0
git best practices,200,,0,,,,93.00,,1,1,US,United States,200,0,
what is a pull request,150,0,,,,92.00,,,0,-1,DE,Germany,150,0,
open source o que é,600,0,,,,40.00,,,0,-1,BR,Brazil,600,0,
is it legal to,800,,0,,,,95.00,,1,1,US,United States,800,0,
can you do me a favor meaning in hindi,10,0,,,,82.00,,,0,-1,IN,India,10,0,
software de código abierto,250,,0,,,,98.00,,1,1,MX,Mexico,250,0,
o que é open source,500,0,,,,33.00,,,0,-1,BR,Brazil,500,0,
how to request politely in email,10,0,0,0,,94.00,94.00,0.00,1,,PH,Philippines,10,0,0
open coding,20,0,,,,99.00,,,0,-1,PK,Pakistan,20,0,
licencja mit,200,0,0,0,,39.00,36.00,-3.00,1,,PL,Poland,200,0,0
コントリビューター,600,0,0,0,,30.00,34.00,4.00,1,,JP,Japan,600,0,0
learn github,250,0,,,,50.00,,,0,-1,IN,India,250,0,
helep,200,0,,,,28.00,,,0,-1,ID,Indonesia,200,0,
コントリビュート,1400,0,,,,33.00,,,0,-1,JP,Japan,1400,0,
open source significato,1200,,0,,,,59.00,,1,1,IT,Italy,1200,0,
licença mit,150,,0,,,,48.00,,1,1,BR,Brazil,150,0,
que es contribuir,250,,0,,,,89.00,,1,1,MX,Mexico,250,0,
オープンソース,3900,0,0,0,,78.00,94.00,16.00,1,,JP,Japan,3900,0,0
github.io,900,0,,,,91.00,,,0,-1,AU,Australia,900,0,
cocoapods,60,0,,,,92.00,,,0,-1,SE,Sweden,60,0,
report open source projects actively,0,0,0,0,,1.00,4.00,3.00,1,,US,United States,0,0,0
how to download off github,400,,0,,,,4.00,,1,1,US,United States,400,0,
開源賺錢,0,0,0,0,,6.00,6.00,0.00,1,,TW,Taiwan,0,0,0
what is the code of community,0,,0,,,,8.00,,1,1,US,United States,0,0,
code de conduite des contributeurs,0,,0,,,,8.00,,1,1,FR,France,0,0,
paying open source good actually,0,0,0,0,,7.00,8.00,1.00,1,,US,United States,0,0,0
politely in hindi meaning,0,0,0,0,,64.00,64.00,0.00,1,,IN,India,0,0,0
finds open source projects actively,0,0,,,,7.00,,,0,-1,US,United States,0,0,
to offer support to opensource developers,0,0,0,0,,3.00,1.00,-2.00,1,,US,United States,0,0,0
paying people work open source good,0,0,0,0,,10.00,7.00,-3.00,1,,US,United States,0,0,0
paying people to open source actually,0,0,0,0,,3.00,3.00,0.00,1,,US,United States,0,0,0
spark github,500,0,,,,4.00,,,0,-1,US,United States,500,0,
paying to work open source good,0,0,0,0,,8.00,10.00,2.00,1,,US,United States,0,0,0
finds source projects actively maintained,0,0,,,,11.00,,,0,-1,US,United States,0,0,
report few open source actively maintained,0,0,0,0,,8.00,8.00,0.00,1,,US,United States,0,0,0
sample email asking for release from project,0,0,,,,84.00,,,0,-1,IN,India,0,0,
github status page,800,0,,,,7.00,,,0,-1,US,United States,800,0,
common pitfalls when first contributing to,0,0,,,,11.00,,,0,-1,US,United States,0,0,
report few source projects actively,0,0,0,0,,5.00,5.00,0.00,1,,US,United States,0,0,0
report few source projects maintained,0,0,0,0,,7.00,7.00,0.00,1,,US,United States,0,0,0
paying people work open source,0,0,0,0,,4.00,5.00,1.00,1,,US,United States,0,0,0
report few open source projects actively,0,0,0,0,,1.00,2.00,1.00,1,,US,United States,0,0,0
paying people to open source good,0,0,,,,10.00,,,0,-1,US,United States,0,0,
which document does one need to get permission to use a specific location for a project?,0,0,,,,55.00,,,0,-1,US,United States,0,0,
ways to contribute,20,0,0,0,,1.00,1.00,0.00,1,,US,United States,20,0,0
how to download from github,250,,0,,,,4.00,,1,1,AU,Australia,250,0,
report few open source projects,0,0,0,0,,5.00,5.00,0.00,1,,US,United States,0,0,0
how do you politely ask for feedback?,0,0,,,,100.00,,,0,-1,IN,India,0,0,
people to work open source good,0,0,,,,10.00,,,0,-1,US,United States,0,0,
paying work open source good actually,0,0,0,0,,7.00,7.00,0.00,1,,US,United States,0,0,0
report few source actively maintained,0,0,0,0,,7.00,6.00,-1.00,1,,US,United States,0,0,0
report open source projects actively maintained,0,,0,,,,9.00,,1,1,US,United States,0,0,
free legal disclaimer,0,0,,,,8.00,,,0,-1,RU,Russian Federation,0,0,
github status,150,0,0,0,,7.00,6.00,-1.00,1,,CA,Canada,150,0,0
paying people to work open source,0,0,0,0,,2.00,4.00,2.00,1,,US,United States,0,0,0
